<TextureAtlas imagePath="export.png">
  <SubTexture name="arm_l_90" x="95" y="272" width="22" height="42" rx="-0.5" ry="-0.05"/>
  <SubTexture name="arm_r_90" x="2" y="279" width="20" height="44" rx="-0.3" ry="-0.9"/>
  <SubTexture name="ball_90" x="181" y="252" width="25" height="25" rx="0" ry="0"/>
  <SubTexture name="broom_90" x="135" y="159" width="74" height="91" rx="-34.2" ry="-6.55"/>
  <SubTexture name="eyebrows_180" x="2" y="232" width="55" height="9" rx="36.15" ry="48.45"/>
  <SubTexture name="eyebrows_90" x="2" y="266" width="53" height="11" rx="45.85" ry="46.85"/>
  <SubTexture name="eyes_180" x="127" y="252" width="52" height="21" rx="35.5" ry="59.3"/>
  <SubTexture name="eyes_90" x="2" y="243" width="53" height="21" rx="46.7" ry="59.3"/>
  <SubTexture name="foot_l_90" x="57" y="253" width="36" height="19" rx="-10.3" ry="11.8"/>
  <SubTexture name="foot_r_90" x="102" y="179" width="30" height="33" rx="-0.35" ry="-0.3"/>
  <SubTexture name="hair_180" x="136" y="96" width="98" height="61" rx="12.95" ry="9.2"/>
  <SubTexture name="hair_90" x="2" y="169" width="98" height="61" rx="12.95" ry="9.2"/>
  <SubTexture name="head_180" x="136" y="2" width="114" height="92" rx="4.15" ry="25"/>
  <SubTexture name="head_90" x="2" y="77" width="98" height="90" rx="8.8" ry="24.85"/>
  <SubTexture name="leg_l_90" x="236" y="139" width="17" height="10" rx="1.1" ry="0.85"/>
  <SubTexture name="leg_r_90" x="236" y="124" width="18" height="13" rx="-7.15" ry="-1.65"/>
  <SubTexture name="mouth_180" x="211" y="159" width="43" height="22" rx="40.65" ry="85.05"/>
  <SubTexture name="mouth_90" x="211" y="183" width="42" height="22" rx="51.95" ry="85.05"/>
  <SubTexture name="shoe_l_90" x="59" y="232" width="38" height="19" rx="-11.15" ry="11.7"/>
  <SubTexture name="shoe_r_90" x="102" y="141" width="31" height="36" rx="-0.7" ry="-1.55"/>
  <SubTexture name="sleeve_l_90" x="57" y="274" width="22" height="25" rx="0" ry="0"/>
  <SubTexture name="sleeve_r_90" x="236" y="96" width="18" height="26" rx="0" ry="0"/>
  <SubTexture name="sock_l_90" x="45" y="301" width="19" height="12" rx="-7.05" ry="8.4"/>
  <SubTexture name="sock_r_90" x="208" y="264" width="22" height="23" rx="7.05" ry="-5.25"/>
  <SubTexture name="spoon_90" x="232" y="264" width="21" height="66" rx="0" ry="0"/>
  <SubTexture name="top_90" x="211" y="207" width="40" height="55" rx="0" ry="0"/>
  <SubTexture name="top_logo_90" x="24" y="279" width="19" height="21" rx="17.55" ry="23.05"/>
  <SubTexture name="torso_90" x="102" y="77" width="32" height="62" rx="0.1" ry="0"/>
  <SubTexture name="trousers_l_90" x="99" y="244" width="26" height="26" rx="-3.35" ry="-3.65"/>
  <SubTexture name="trousers_r_90" x="102" y="214" width="30" height="28" rx="-0.05" ry="-7.35"/>
  <SubTexture name="turtle_90" x="2" y="2" width="132" height="73" rx="-66.25" ry="-36.5"/>
</TextureAtlas>